{"data_time": 0.06428549997508526, "fast_rcnn/cls_accuracy": 0.9072265625, "fast_rcnn/false_negative": 0.2653061224489796, "fast_rcnn/fg_cls_accuracy": 0.0, "iteration": 6, "loss_box_reg": 0.13191141188144684, "loss_cls": 0.62828129529953, "loss_rpn_cls": 0.02263881266117096, "loss_rpn_loc": 0.013771649450063705, "lr": 1.7485e-06, "rank_data_time": 0.06428549997508526, "roi_head/num_bg_samples": 484.0, "roi_head/num_fg_samples": 28.0, "rpn/num_neg_anchors": 246.0, "rpn/num_pos_anchors": 10.0, "time": 79.36014960007742, "total_loss": 0.8194379573687911}
{"eta_seconds": 78725.2684032768, "iteration": 7}
